{"inner": [[0, 32], [13.662976328760072, 31.98616856189944], [50.54899657246513, 32.17731656407158], [167.07081016280256, 32.586053611811174], [738.4819640685284, 34.59045863175044], [752.7120288705748, 34.08510031396969], [1277.60948615606, 62.00510934684539], [1286.9226376332815, 74.66532687446929], [1294.5419712521862, 79.65083205045559], [1296.235789110503, 86.51551549958239], [1305.5489405877247, 96.61216555148535], [1314.8620920649462, 104.14123770861792], [1324.1752435421677, 108.48690133660301], [1333.4883950193891, 109.28500917249568], [1342.8015464966109, 106.45668582033609], [1352.1146979738323, 100.2189777769672], [1356.2734736889693, 100.16182510400482], [1357.310324510178, 98.9131914819667], [1361.4278494510538, 91.07135706566223], [1370.7410009282753, 79.75884073201094], [1380.054152405497, 67.21442370716255], [1573.6007719947515, 77.0562751351542], [1590.0729946599574, 76.43528535210949], [1594.6625811547192, 77.88061680946292], [1615.6860759170816, 79.33573670202482], [1662.0821881471627, 82.54699660941137], [1670.1731595003828, 82.33271309357609], [1677.951382001752, 82.36250679287423], [1678.7746824197648, 83.50097862910312], [1680.0260551017063, 88.78200918948373], [1681.9594875716143, 89.8097441112362], [1683.2932667826287, 90.51872748376236], [1697.951382001752, 98.31039185902824]], "outer": [[0, 37], [13, 36], [50, 37], [167, 37], [738, 39], [752, 39], [1277, 67], [1286, 79], [1294, 84], [1296, 91], [1305, 101], [1314, 109], [1324, 113], [1333, 114], [1342, 111], [1352, 105], [1356, 105], [1357, 103], [1361, 96], [1370, 84], [1380, 72], [1573, 82], [1590, 81], [1594, 82], [1615, 84], [1662, 87], [1670, 87], [1677, 87], [1678, 88], [1680, 93], [1681, 94], [1683, 95], [1697, 103]]}