{"inner": [[0, 32], [499.89860230806806, 34.62664657578539], [523.8619953269698, 31.709070988368083], [563.5718645326659, 33.22969884129699], [715.9621311274998, 35.86867114730008], [720.7239472980513, 36.09963073141796], [739.7712119802571, 37.023469067889486], [763.8008890574041, 39.49945813015144], [782.6275575152202, 39.10210532495042], [787.6614325931527, 40.67351106135985], [858.8166162440436, 42.797458670836534], [868.6863149599992, 43.276162894007314], [977.8620205078303, 48.57144827378358], [1075.194350702059, 52.0768327777953], [1094.1534575031976, 54.17421850746596], [1140.4348838841488, 54.2693662143223], [1149.287402647683, 56.88599330202733], [1288.2556668853229, 63.62628972766448], [1298.4652085289106, 71.65804617508634], [1308.6747501724983, 79.19092392103822], [1318.884291816086, 85.64100754766977], [1329.093833459674, 90.5041698195438], [1338.2613414417199, 92.33670758101039], [1339.3033751032617, 93.39867083278442], [1349.5129167468494, 94.09834238077688], [1359.7224583904372, 92.55348620114361], [1369.932000034025, 88.89758440516256], [1380.1415416776126, 83.43906099491083], [1390.3510833212006, 76.63855325386629], [1400.5606249647883, 69.07335141240937], [1687.3726299199984, 82.98442630734799], [1689.399226086586, 92.85734696383174], [1737.3726299199984, 96.60606000475646]], "outer": [[0.0, 37.0], [499.89860230806806, 39.62664657578539], [523.8619953269698, 36.70907098836808], [563.5718645326659, 38.22969884129699], [715.9621311274998, 40.86867114730008], [720.7239472980513, 41.09963073141796], [739.7712119802571, 42.023469067889486], [763.8008890574041, 44.49945813015144], [782.6275575152202, 44.10210532495042], [787.6614325931527, 45.67351106135985], [858.8166162440436, 47.797458670836534], [868.6863149599992, 48.276162894007314], [977.8620205078303, 53.57144827378358], [1075.194350702059, 57.0768327777953], [1094.1534575031976, 59.17421850746596], [1140.4348838841488, 59.2693662143223], [1149.287402647683, 61.88599330202733], [1288.2556668853229, 68.62628972766447], [1298.4652085289106, 76.65804617508634], [1308.6747501724983, 84.19092392103822], [1318.884291816086, 90.64100754766977], [1329.093833459674, 95.5041698195438], [1338.2613414417199, 97.33670758101039], [1339.3033751032617, 98.39867083278442], [1349.5129167468494, 99.09834238077688], [1359.7224583904372, 97.55348620114361], [1369.932000034025, 93.89758440516256], [1380.1415416776126, 88.43906099491083], [1390.3510833212006, 81.63855325386629], [1400.5606249647883, 74.07335141240937], [1687.3726299199984, 87.98442630734799], [1689.399226086586, 97.85734696383174], [1737.3726299199984, 101.60606000475646]]}