{
    "pipeline_name": "default",
    "duration_step_0": 28.751729488372803,
    "duration_step_1": 36.87491178512573,
    "duration_total": 65.627521276474
}